Order_ID,Order_Date,Region,Segment,Category,Sub_Category,Sales,Quantity,Discount,Profit,Shipping_Cost,Customer_Rating
ORD-2024000,2023-01-01,South,Home Office,Furniture,Furnishings,1116.01,9,0.0,3361.8,62.91,4
ORD-2024001,2023-01-02,West,Consumer,Furniture,Bookcases,746.15,4,0.3,243.56,44.23,4
ORD-2024002,2023-01-03,North,Consumer,Technology,Accessories,657.12,3,0.0,327.6,46.68,5
ORD-2024003,2023-01-04,North,Corporate,Technology,Tablets,405.6,9,0.1,940.19,25.17,5
ORD-2024004,2023-01-05,North,Home Office,Furniture,Furnishings,60.54,8,0.0,138.51,13.81,4
ORD-2024005,2023-01-06,South,Corporate,Office Supplies,Binders,1915.9,8,0.1,4322.57,103.55,2
ORD-2024006,2023-01-07,North,Consumer,Technology,Smartphones,768.57,6,0.0,1403.62,52.2,4
ORD-2024007,2023-01-08,East,Home Office,Office Supplies,Paper,178.45,9,0.5,158.53,13.56,4
ORD-2024008,2023-01-09,West,Consumer,Office Supplies,Storage,160.55,5,0.1,128.27,14.88,3
ORD-2024009,2023-01-10,South,Consumer,Technology,Laptops,583.25,8,0.1,739.9,39.63,4
ORD-2024010,2023-01-11,West,Corporate,Furniture,Furnishings,40.93,7,0.0,54.52,8.89,2
ORD-2024011,2023-01-12,North,Home Office,Technology,Accessories,1336.92,5,0.0,2077.77,78.23,5
ORD-2024012,2023-01-13,North,Consumer,Technology,Smartphones,471.28,8,0.0,833.5,27.91,4
ORD-2024013,2023-01-14,South,Consumer,Office Supplies,Appliances,28.26,9,0.15,36.39,4.36,4
ORD-2024014,2023-01-15,East,Consumer,Office Supplies,Binders,338.33,3,0.0,273.99,24.29,3
ORD-2024015,2023-01-16,East,Consumer,Technology,Accessories,83.99,6,0.0,93.75,15.62,3
ORD-2024016,2023-01-17,South,Corporate,Technology,Accessories,1158.99,9,0.3,1145.98,69.06,5
ORD-2024017,2023-01-18,South,Corporate,Furniture,Tables,749.43,1,0.15,132.59,51.89,4
ORD-2024018,2023-01-19,South,Consumer,Office Supplies,Binders,407.54,9,0.0,1076.7,29.84,4
ORD-2024019,2023-01-20,West,Corporate,Technology,Laptops,76.3,6,0.2,96.99,7.27,5
ORD-2024020,2023-01-21,West,Corporate,Furniture,Chairs,112.9,6,0.2,110.36,15.56,4
ORD-2024021,2023-01-22,East,Consumer,Furniture,Tables,34.98,4,0.15,35.48,12.82,5
ORD-2024022,2023-01-23,South,Consumer,Technology,Laptops,721.74,3,0.1,279.29,43.99,4
ORD-2024023,2023-01-24,West,Consumer,Technology,Laptops,198.22,5,0.15,173.15,13.74,5
ORD-2024024,2023-01-25,South,Consumer,Technology,Laptops,359.63,5,0.1,313.74,31.02,4
ORD-2024025,2023-01-26,East,Corporate,Office Supplies,Paper,1356.04,1,0.1,185.49,77.34,5
ORD-2024026,2023-01-27,West,Consumer,Furniture,Bookcases,71.28,8,0.1,161.69,6.22,3
ORD-2024027,2023-01-28,West,Consumer,Furniture,Bookcases,36.9,2,0.0,21.26,8.62,2
ORD-2024028,2023-01-29,North,Consumer,Office Supplies,Binders,360.61,5,0.3,207.14,23.96,5
ORD-2024029,2023-01-30,North,Consumer,Furniture,Bookcases,561.75,8,0.0,843.81,40.4,3
ORD-2024030,2023-01-31,South,Corporate,Office Supplies,Storage,97.7,5,0.2,97.04,17.27,5
ORD-2024031,2023-02-01,West,Consumer,Office Supplies,Binders,154.6,4,0.15,151.4,11.97,4
ORD-2024032,2023-02-02,South,Corporate,Furniture,Tables,546.31,7,0.5,424.94,38.44,5
ORD-2024033,2023-02-03,East,Consumer,Technology,Smartphones,351.03,2,0.0,245.51,19.84,4
ORD-2024034,2023-02-04,South,Corporate,Office Supplies,Storage,223.89,4,0.2,144.9,16.05,4
ORD-2024035,2023-02-05,North,Corporate,Technology,Smartphones,836.99,2,0.1,437.14,44.61,3
ORD-2024036,2023-02-06,South,Consumer,Office Supplies,Paper,577.87,6,0.0,533.57,39.0,4
ORD-2024037,2023-02-07,South,Home Office,Office Supplies,Binders,175.21,7,0.0,217.57,22.26,3
ORD-2024038,2023-02-08,South,Consumer,Furniture,Chairs,135.62,8,0.0,241.83,16.36,3
ORD-2024039,2023-02-09,East,Consumer,Office Supplies,Storage,285.66,3,0.2,108.74,29.2,5
ORD-2024040,2023-02-10,East,Consumer,Technology,Laptops,219.8,7,0.1,255.51,25.62,4
ORD-2024041,2023-02-11,South,Home Office,Technology,Smartphones,295.88,7,0.0,473.34,25.23,5
ORD-2024042,2023-02-12,East,Consumer,Office Supplies,Binders,78.48,9,0.1,136.21,7.11,3
ORD-2024043,2023-02-13,East,Corporate,Office Supplies,Storage,35.98,7,0.0,77.66,10.54,4
ORD-2024044,2023-02-14,South,Home Office,Technology,Accessories,789.28,2,0.0,448.29,47.34,4
ORD-2024045,2023-02-15,East,Home Office,Technology,Tablets,1122.51,8,0.2,918.78,63.21,5
ORD-2024046,2023-02-16,South,Consumer,Furniture,Tables,149.55,5,0.2,88.58,11.81,4
ORD-2024047,2023-02-17,South,Consumer,Technology,Accessories,70.63,8,0.0,161.66,17.35,4
ORD-2024048,2023-02-18,North,Consumer,Office Supplies,Appliances,106.49,2,0.0,37.7,19.64,2
ORD-2024049,2023-02-19,North,Consumer,Furniture,Chairs,613.91,9,0.0,1921.53,37.05,3
ORD-2024050,2023-02-20,West,Consumer,Furniture,Bookcases,2249.02,1,0.3,-192.41,115.35,4
ORD-2024051,2023-02-21,North,Consumer,Furniture,Tables,40.33,8,0.3,47.02,8.94,3
ORD-2024052,2023-02-22,North,Corporate,Technology,Accessories,249.1,9,0.1,295.55,21.63,5
ORD-2024053,2023-02-23,West,Consumer,Technology,Smartphones,40.57,5,0.5,8.76,12.85,5
ORD-2024054,2023-02-24,East,Consumer,Furniture,Bookcases,32.15,2,0.2,10.8,13.94,5
ORD-2024055,2023-02-25,North,Corporate,Technology,Smartphones,631.47,2,0.2,73.29,37.95,3
ORD-2024056,2023-02-26,East,Corporate,Furniture,Furnishings,60.98,9,0.0,106.39,15.13,3
ORD-2024057,2023-02-27,East,Consumer,Technology,Laptops,36.01,8,0.3,51.66,7.06,3
ORD-2024058,2023-02-28,South,Corporate,Technology,Smartphones,200.46,1,0.0,37.52,24.18,4
ORD-2024059,2023-03-01,West,Consumer,Technology,Accessories,651.36,6,0.0,1083.37,36.48,3
ORD-2024060,2023-03-02,North,Consumer,Furniture,Tables,736.81,7,0.1,1291.04,39.22,5
ORD-2024061,2023-03-03,North,Consumer,Office Supplies,Storage,82.6,6,0.5,16.56,15.45,4
ORD-2024062,2023-03-04,East,Corporate,Office Supplies,Appliances,277.1,5,0.0,431.17,26.63,4
ORD-2024063,2023-03-05,North,Corporate,Furniture,Chairs,395.57,5,0.1,287.14,34.71,4
ORD-2024064,2023-03-06,South,Consumer,Furniture,Bookcases,101.42,9,0.0,187.58,13.35,4
ORD-2024065,2023-03-07,East,Home Office,Furniture,Tables,80.76,8,0.15,132.89,8.7,4
ORD-2024066,2023-03-08,East,Corporate,Technology,Laptops,555.12,6,0.1,803.04,37.53,4
ORD-2024067,2023-03-09,South,Corporate,Technology,Tablets,105.8,1,0.2,-0.16,19.56,3
ORD-2024068,2023-03-10,South,Consumer,Technology,Tablets,126.15,3,0.15,36.55,10.49,4
ORD-2024069,2023-03-11,North,Corporate,Furniture,Bookcases,47.67,1,0.0,10.64,13.94,5
ORD-2024070,2023-03-12,West,Corporate,Office Supplies,Storage,425.36,3,0.2,163.41,23.7,4
ORD-2024071,2023-03-13,South,Consumer,Furniture,Tables,220.02,4,0.15,127.28,22.95,1
ORD-2024072,2023-03-14,East,Consumer,Furniture,Tables,239.61,1,0.0,39.56,21.87,5
ORD-2024073,2023-03-15,South,Corporate,Furniture,Furnishings,148.89,1,0.0,28.34,17.61,5
ORD-2024074,2023-03-16,North,Home Office,Furniture,Furnishings,727.63,4,0.1,512.01,40.84,4
ORD-2024075,2023-03-17,West,Corporate,Technology,Accessories,298.18,5,0.15,295.35,23.36,2
ORD-2024076,2023-03-18,North,Consumer,Furniture,Bookcases,580.97,5,0.15,627.56,39.36,4
ORD-2024077,2023-03-19,East,Consumer,Furniture,Chairs,712.42,4,0.1,827.78,46.99,4
ORD-2024078,2023-03-20,East,Consumer,Office Supplies,Paper,962.11,7,0.2,1302.93,53.85,3
ORD-2024079,2023-03-21,South,Consumer,Technology,Laptops,279.53,8,0.1,339.92,16.1,4
ORD-2024080,2023-03-22,North,Consumer,Office Supplies,Binders,97.54,3,0.0,97.08,17.48,3
ORD-2024081,2023-03-23,East,Corporate,Furniture,Chairs,770.23,6,0.0,730.94,51.36,4
ORD-2024082,2023-03-24,North,Home Office,Furniture,Furnishings,354.02,9,0.5,398.73,25.18,3
ORD-2024083,2023-03-25,North,Consumer,Furniture,Furnishings,75.85,5,0.2,48.96,15.98,2
ORD-2024084,2023-03-26,South,Home Office,Office Supplies,Storage,189.27,2,0.15,54.4,23.59,4
ORD-2024085,2023-03-27,North,Home Office,Technology,Accessories,221.12,4,0.5,17.37,14.21,5
ORD-2024086,2023-03-28,South,Consumer,Technology,Tablets,197.12,9,0.0,306.17,23.09,3
ORD-2024087,2023-03-29,South,Corporate,Technology,Tablets,747.49,3,0.0,449.51,43.07,2
ORD-2024088,2023-03-30,East,Corporate,Technology,Laptops,158.05,8,0.1,268.48,14.85,4
ORD-2024089,2023-03-31,West,Corporate,Office Supplies,Paper,44.39,1,0.3,-2.7,8.35,3
ORD-2024090,2023-04-01,South,Consumer,Technology,Laptops,1225.48,7,0.15,1596.44,66.53,4
ORD-2024091,2023-04-02,East,Home Office,Furniture,Chairs,27.89,7,0.0,47.15,6.8,2
ORD-2024092,2023-04-03,North,Consumer,Furniture,Furnishings,39.71,2,0.0,24.59,6.51,3
ORD-2024093,2023-04-04,North,Consumer,Technology,Smartphones,148.79,3,0.0,85.36,9.7,4
ORD-2024094,2023-04-05,East,Consumer,Technology,Tablets,351.85,9,0.0,542.92,30.55,5
ORD-2024095,2023-04-06,South,Corporate,Office Supplies,Storage,3463.1,1,0.1,431.51,176.76,4
ORD-2024096,2023-04-07,West,Consumer,Technology,Smartphones,787.63,9,0.0,1725.21,44.16,4
ORD-2024097,2023-04-08,West,Consumer,Furniture,Chairs,99.79,5,0.15,67.69,10.39,4
ORD-2024098,2023-04-09,South,Corporate,Office Supplies,Binders,1069.68,6,0.0,1055.37,64.3,2
ORD-2024099,2023-04-10,West,Consumer,Furniture,Tables,192.53,7,0.0,346.36,16.68,4
ORD-2024100,2023-04-11,South,Consumer,Furniture,Tables,1279.63,4,0.0,952.39,66.35,5
ORD-2024101,2023-04-12,East,Home Office,Technology,Accessories,319.92,9,0.0,723.93,26.79,3
ORD-2024102,2023-04-13,West,Corporate,Furniture,Furnishings,345.46,4,0.15,211.3,26.92,3
ORD-2024103,2023-04-14,North,Consumer,Technology,Smartphones,1130.21,1,0.15,156.48,67.79,4
ORD-2024104,2023-04-15,North,Consumer,Office Supplies,Paper,731.23,4,0.0,451.39,39.13,3
ORD-2024105,2023-04-16,West,Corporate,Technology,Accessories,414.7,9,0.0,1042.39,32.18,5
ORD-2024106,2023-04-17,North,Consumer,Technology,Laptops,600.3,5,0.15,819.98,41.1,3
ORD-2024107,2023-04-18,West,Corporate,Technology,Accessories,358.22,1,0.0,103.59,21.99,2
ORD-2024108,2023-04-19,East,Home Office,Office Supplies,Paper,153.19,4,0.1,141.86,11.57,4
ORD-2024109,2023-04-20,South,Corporate,Technology,Tablets,23.01,2,0.1,6.46,13.9,3
ORD-2024110,2023-04-21,South,Consumer,Office Supplies,Appliances,221.53,4,0.5,44.52,13.67,5
ORD-2024111,2023-04-22,North,Corporate,Office Supplies,Appliances,711.41,7,0.15,625.71,42.37,2
ORD-2024112,2023-04-23,West,Consumer,Office Supplies,Appliances,51.84,3,0.1,41.53,12.46,3
ORD-2024113,2023-04-24,South,Corporate,Technology,Laptops,58.63,3,0.15,35.95,15.79,5
ORD-2024114,2023-04-25,West,Consumer,Office Supplies,Binders,633.75,8,0.5,550.7,33.79,4
ORD-2024115,2023-04-26,West,Consumer,Office Supplies,Appliances,97.51,8,0.2,161.67,13.54,3
ORD-2024116,2023-04-27,West,Consumer,Technology,Smartphones,20.34,1,0.15,0.64,10.46,5
ORD-2024117,2023-04-28,East,Consumer,Office Supplies,Paper,167.47,7,0.2,208.54,21.18,5
ORD-2024118,2023-04-29,North,Corporate,Office Supplies,Appliances,199.59,8,0.2,333.91,20.19,5
ORD-2024119,2023-04-30,East,Consumer,Technology,Tablets,392.25,8,0.1,702.8,24.79,2
ORD-2024120,2023-05-01,North,Corporate,Technology,Tablets,229.35,1,0.0,36.75,22.92,4
ORD-2024121,2023-05-02,North,Corporate,Office Supplies,Binders,1264.76,5,0.15,1466.41,66.88,4
ORD-2024122,2023-05-03,East,Consumer,Office Supplies,Appliances,53.4,3,0.1,22.73,16.86,2
ORD-2024123,2023-05-04,East,Consumer,Technology,Tablets,110.3,5,0.3,54.89,8.49,3
ORD-2024124,2023-05-05,South,Corporate,Furniture,Bookcases,353.2,5,0.2,179.84,27.34,3
ORD-2024125,2023-05-06,West,Home Office,Technology,Laptops,1814.34,9,0.3,3378.04,105.45,3
ORD-2024126,2023-05-07,South,Consumer,Technology,Accessories,40.28,2,0.1,16.13,5.45,4
ORD-2024127,2023-05-08,West,Consumer,Furniture,Chairs,379.6,3,0.0,172.39,28.37,1
ORD-2024128,2023-05-09,West,Corporate,Technology,Tablets,379.24,6,0.0,651.48,25.05,5
ORD-2024129,2023-05-10,West,Home Office,Furniture,Bookcases,713.85,9,0.1,898.19,46.33,1
ORD-2024130,2023-05-11,North,Corporate,Technology,Tablets,451.37,7,0.2,646.54,33.21,4
ORD-2024131,2023-05-12,North,Home Office,Technology,Smartphones,1132.51,7,0.1,1541.86,65.66,4
ORD-2024132,2023-05-13,East,Corporate,Technology,Accessories,90.81,3,0.15,67.74,19.32,4
ORD-2024133,2023-05-14,South,Home Office,Office Supplies,Paper,84.55,7,0.3,45.41,12.87,4
ORD-2024134,2023-05-15,North,Consumer,Technology,Laptops,123.39,5,0.2,149.87,19.28,5
ORD-2024135,2023-05-16,North,Consumer,Furniture,Tables,291.65,3,0.0,139.34,16.93,4
ORD-2024136,2023-05-17,East,Corporate,Furniture,Furnishings,44.6,3,0.0,43.2,16.91,2
ORD-2024137,2023-05-18,South,Corporate,Technology,Tablets,131.79,2,0.5,-26.84,15.99,4
ORD-2024138,2023-05-19,South,Corporate,Office Supplies,Appliances,617.92,3,0.2,140.23,40.92,3
ORD-2024139,2023-05-20,East,Consumer,Technology,Smartphones,118.41,4,0.3,70.55,18.05,3
ORD-2024140,2023-05-21,West,Home Office,Furniture,Furnishings,366.83,6,0.1,368.81,23.26,1
ORD-2024141,2023-05-22,North,Consumer,Technology,Laptops,54.13,3,0.2,16.98,9.25,4
ORD-2024142,2023-05-23,North,Home Office,Office Supplies,Binders,85.33,4,0.0,112.68,17.74,5
ORD-2024143,2023-05-24,East,Corporate,Office Supplies,Appliances,86.97,5,0.0,93.67,18.25,5
ORD-2024144,2023-05-25,East,Consumer,Furniture,Tables,836.07,9,0.2,1165.48,52.11,5
ORD-2024145,2023-05-26,West,Corporate,Technology,Tablets,26.79,6,0.1,27.92,13.76,2
ORD-2024146,2023-05-27,North,Consumer,Office Supplies,Storage,307.09,3,0.0,147.39,19.76,3
ORD-2024147,2023-05-28,West,Consumer,Furniture,Tables,255.54,7,0.0,291.34,20.98,4
ORD-2024148,2023-05-29,East,Home Office,Technology,Accessories,50.55,3,0.0,42.85,16.17,5
ORD-2024149,2023-05-30,South,Corporate,Office Supplies,Paper,300.69,1,0.15,51.61,26.75,3
ORD-2024150,2023-05-31,East,Consumer,Technology,Laptops,310.18,6,0.2,254.71,21.59,3
ORD-2024151,2023-06-01,North,Consumer,Office Supplies,Paper,25.78,9,0.1,46.47,10.11,3
ORD-2024152,2023-06-02,East,Consumer,Technology,Tablets,197.21,1,0.1,20.07,16.78,3
ORD-2024153,2023-06-03,North,Home Office,Office Supplies,Storage,192.09,9,0.15,363.39,12.36,5
ORD-2024154,2023-06-04,South,Corporate,Technology,Accessories,164.17,4,0.3,52.84,10.62,5
ORD-2024155,2023-06-05,East,Home Office,Furniture,Chairs,84.39,5,0.3,80.85,13.25,4
ORD-2024156,2023-06-06,South,Corporate,Office Supplies,Appliances,433.61,5,0.0,503.3,36.18,3
ORD-2024157,2023-06-07,West,Home Office,Office Supplies,Storage,1164.66,3,0.0,865.08,69.49,4
ORD-2024158,2023-06-08,East,Consumer,Technology,Smartphones,730.33,5,0.0,1269.93,46.94,4
ORD-2024159,2023-06-09,West,Consumer,Office Supplies,Binders,216.65,3,0.5,-8.24,15.4,4
ORD-2024160,2023-06-10,South,Corporate,Furniture,Tables,551.18,6,0.0,640.62,38.3,4
ORD-2024161,2023-06-11,North,Home Office,Office Supplies,Binders,73.36,2,0.0,50.56,12.53,4
ORD-2024162,2023-06-12,South,Consumer,Furniture,Bookcases,1107.83,9,0.0,2389.45,64.06,5
ORD-2024163,2023-06-13,West,Corporate,Technology,Tablets,246.94,5,0.5,62.97,20.62,3
ORD-2024164,2023-06-14,West,Consumer,Furniture,Furnishings,283.34,4,0.0,374.82,23.88,5
ORD-2024165,2023-06-15,North,Corporate,Furniture,Furnishings,1224.03,4,0.0,764.45,74.69,3
ORD-2024166,2023-06-16,North,Consumer,Furniture,Furnishings,428.94,7,0.0,504.08,34.54,5
ORD-2024167,2023-06-17,West,Home Office,Furniture,Chairs,255.81,9,0.0,492.48,16.62,4
ORD-2024168,2023-06-18,South,Home Office,Technology,Tablets,73.67,1,0.0,11.82,14.22,5
ORD-2024169,2023-06-19,East,Consumer,Office Supplies,Paper,287.14,1,0.5,-64.81,19.67,5
ORD-2024170,2023-06-20,West,Consumer,Office Supplies,Storage,38.25,4,0.5,5.26,13.8,4
ORD-2024171,2023-06-21,North,Consumer,Office Supplies,Paper,801.3,6,0.0,1347.81,48.91,4
ORD-2024172,2023-06-22,East,Home Office,Technology,Smartphones,502.29,6,0.5,151.04,36.51,4
ORD-2024173,2023-06-23,South,Consumer,Furniture,Chairs,28.71,5,0.2,15.53,5.72,4
ORD-2024174,2023-06-24,North,Corporate,Technology,Laptops,137.34,7,0.0,197.65,19.87,5
ORD-2024175,2023-06-25,East,Consumer,Technology,Smartphones,961.87,4,0.0,856.18,60.92,5
ORD-2024176,2023-06-26,West,Home Office,Office Supplies,Paper,1317.45,8,0.15,1467.34,77.33,5
ORD-2024177,2023-06-27,East,Consumer,Office Supplies,Storage,27.96,3,0.15,20.24,5.4,5
ORD-2024178,2023-06-28,West,Consumer,Office Supplies,Storage,125.45,7,0.0,304.43,18.34,4
ORD-2024179,2023-06-29,South,Consumer,Furniture,Bookcases,195.38,2,0.1,66.52,24.3,3
ORD-2024180,2023-06-30,East,Corporate,Office Supplies,Binders,619.68,4,0.1,724.83,44.47,3
ORD-2024181,2023-07-01,East,Consumer,Furniture,Bookcases,1666.37,2,0.2,388.68,88.47,4
ORD-2024182,2023-07-02,South,Home Office,Technology,Laptops,340.12,2,0.3,66.98,29.41,4
ORD-2024183,2023-07-03,East,Corporate,Technology,Smartphones,295.96,9,0.15,528.77,29.55,2
ORD-2024184,2023-07-04,East,Corporate,Technology,Accessories,57.48,8,0.1,94.23,13.74,3
ORD-2024185,2023-07-05,West,Home Office,Technology,Laptops,381.69,1,0.2,34.21,23.39,3
ORD-2024186,2023-07-06,South,Corporate,Technology,Smartphones,121.0,2,0.0,58.28,17.38,4
ORD-2024187,2023-07-07,South,Corporate,Office Supplies,Paper,173.29,3,0.5,6.05,15.02,4
ORD-2024188,2023-07-08,East,Corporate,Office Supplies,Binders,226.76,2,0.2,57.1,19.43,4
ORD-2024189,2023-07-09,North,Consumer,Office Supplies,Storage,99.15,8,0.0,163.07,17.74,4
ORD-2024190,2023-07-10,West,Consumer,Furniture,Furnishings,178.63,2,0.5,-26.94,23.23,2
ORD-2024191,2023-07-11,South,Consumer,Furniture,Tables,672.36,8,0.0,1302.88,35.68,3
ORD-2024192,2023-07-12,West,Consumer,Technology,Accessories,59.79,9,0.1,145.57,7.97,3
ORD-2024193,2023-07-13,South,Corporate,Technology,Tablets,958.91,1,0.15,77.97,52.04,3
ORD-2024194,2023-07-14,West,Consumer,Furniture,Tables,69.21,6,0.0,135.65,13.67,3
ORD-2024195,2023-07-15,West,Consumer,Office Supplies,Binders,1070.8,3,0.0,851.19,64.7,4
ORD-2024196,2023-07-16,South,Home Office,Technology,Smartphones,304.76,4,0.0,263.48,20.07,4
ORD-2024197,2023-07-17,West,Consumer,Office Supplies,Paper,230.76,5,0.0,306.66,15.36,1
ORD-2024198,2023-07-18,East,Corporate,Technology,Smartphones,22.22,1,0.2,1.44,5.39,2
ORD-2024199,2023-07-19,South,Consumer,Furniture,Chairs,130.04,6,0.0,193.6,12.61,4
ORD-2024200,2023-07-20,East,Consumer,Furniture,Bookcases,1370.3,1,0.0,437.26,83.49,4
ORD-2024201,2023-07-21,North,Consumer,Technology,Smartphones,157.16,5,0.2,109.16,22.76,5
ORD-2024202,2023-07-22,East,Home Office,Furniture,Furnishings,318.58,2,0.15,134.89,30.73,4
ORD-2024203,2023-07-23,West,Corporate,Technology,Tablets,356.66,2,0.1,137.99,21.31,4
ORD-2024204,2023-07-24,South,Corporate,Office Supplies,Storage,171.17,7,0.15,223.65,13.69,4
ORD-2024205,2023-07-25,East,Consumer,Furniture,Chairs,307.15,8,0.0,442.18,21.85,4
ORD-2024206,2023-07-26,East,Home Office,Technology,Smartphones,123.17,8,0.1,235.24,19.48,4
ORD-2024207,2023-07-27,East,Consumer,Furniture,Tables,550.63,2,0.15,93.27,41.37,5
ORD-2024208,2023-07-28,East,Consumer,Technology,Smartphones,99.85,4,0.2,51.78,11.61,2
ORD-2024209,2023-07-29,West,Home Office,Furniture,Bookcases,259.76,9,0.0,497.41,16.86,3
ORD-2024210,2023-07-30,North,Consumer,Office Supplies,Paper,162.95,4,0.0,200.11,16.55,4
ORD-2024211,2023-07-31,West,Home Office,Office Supplies,Storage,143.59,5,0.3,125.15,18.36,5
ORD-2024212,2023-08-01,East,Corporate,Furniture,Furnishings,217.17,8,0.1,436.38,23.2,5
ORD-2024213,2023-08-02,West,Consumer,Furniture,Chairs,384.23,9,0.0,753.76,22.65,2
ORD-2024214,2023-08-03,South,Home Office,Technology,Laptops,221.19,5,0.2,209.83,16.99,3
ORD-2024215,2023-08-04,South,Consumer,Furniture,Furnishings,238.24,3,0.0,156.86,19.85,3
ORD-2024216,2023-08-05,South,Consumer,Office Supplies,Storage,313.6,1,0.15,15.12,26.63,5
ORD-2024217,2023-08-06,East,Consumer,Furniture,Bookcases,421.33,1,0.0,140.87,31.63,4
ORD-2024218,2023-08-07,North,Corporate,Furniture,Bookcases,198.13,3,0.3,48.63,21.07,2
ORD-2024219,2023-08-08,West,Consumer,Office Supplies,Storage,247.29,7,0.0,269.62,26.35,4
ORD-2024220,2023-08-09,South,Consumer,Technology,Accessories,150.38,9,0.0,325.73,22.39,4
ORD-2024221,2023-08-10,South,Corporate,Furniture,Bookcases,117.4,2,0.2,37.25,10.6,2
ORD-2024222,2023-08-11,North,Consumer,Office Supplies,Binders,568.78,2,0.1,148.54,36.36,4
ORD-2024223,2023-08-12,South,Home Office,Technology,Laptops,1119.43,9,0.5,989.97,66.6,4
ORD-2024224,2023-08-13,East,Corporate,Office Supplies,Paper,224.55,4,0.1,174.64,26.22,5
ORD-2024225,2023-08-14,North,Home Office,Office Supplies,Storage,1664.97,6,0.1,2950.87,85.45,5
ORD-2024226,2023-08-15,North,Corporate,Technology,Smartphones,145.29,8,0.0,272.65,15.63,4
ORD-2024227,2023-08-16,South,Corporate,Furniture,Bookcases,320.41,1,0.1,58.31,25.85,4
ORD-2024228,2023-08-17,South,Consumer,Furniture,Tables,21.15,5,0.0,31.2,8.1,5
ORD-2024229,2023-08-18,West,Home Office,Furniture,Furnishings,313.67,6,0.0,348.58,18.6,4
ORD-2024230,2023-08-19,East,Consumer,Technology,Accessories,1123.92,1,0.1,222.58,58.4,3
ORD-2024231,2023-08-20,South,Consumer,Technology,Accessories,72.01,6,0.1,67.9,8.19,3
ORD-2024232,2023-08-21,West,Consumer,Technology,Tablets,689.36,6,0.3,536.73,46.35,4
ORD-2024233,2023-08-22,West,Consumer,Furniture,Chairs,186.12,1,0.15,20.08,18.72,4
ORD-2024234,2023-08-23,South,Consumer,Technology,Laptops,120.73,5,0.0,164.06,20.79,3
ORD-2024235,2023-08-24,West,Corporate,Office Supplies,Binders,193.38,3,0.1,87.54,24.15,5
ORD-2024236,2023-08-25,North,Consumer,Office Supplies,Paper,32.92,3,0.1,21.38,16.16,5
ORD-2024237,2023-08-26,North,Consumer,Technology,Accessories,101.34,3,0.0,101.76,7.71,5
ORD-2024238,2023-08-27,North,Home Office,Furniture,Tables,496.99,1,0.0,126.39,33.01,4
ORD-2024239,2023-08-28,West,Home Office,Office Supplies,Appliances,606.61,9,0.1,1374.13,38.52,4
ORD-2024240,2023-08-29,North,Consumer,Furniture,Furnishings,669.98,7,0.1,886.8,37.92,4
ORD-2024241,2023-08-30,North,Consumer,Furniture,Bookcases,333.18,6,0.0,444.37,22.21,4
ORD-2024242,2023-08-31,West,Home Office,Office Supplies,Binders,558.67,7,0.0,651.32,31.74,4
ORD-2024243,2023-09-01,East,Corporate,Technology,Accessories,74.44,5,0.0,59.51,15.98,1
ORD-2024244,2023-09-02,North,Consumer,Technology,Accessories,209.6,8,0.0,450.23,14.32,1
ORD-2024245,2023-09-03,South,Consumer,Technology,Tablets,77.47,5,0.0,132.09,8.65,5
ORD-2024246,2023-09-04,South,Corporate,Technology,Accessories,169.21,5,0.0,254.4,11.55,1
ORD-2024247,2023-09-05,North,Consumer,Office Supplies,Appliances,265.96,8,0.0,466.84,17.39,4
ORD-2024248,2023-09-06,East,Consumer,Office Supplies,Paper,595.01,3,0.15,271.87,40.15,1
ORD-2024249,2023-09-07,South,Home Office,Furniture,Tables,115.33,8,0.15,138.52,15.86,2
ORD-2024250,2023-09-08,East,Consumer,Technology,Tablets,2389.63,5,0.3,1763.1,123.79,5
ORD-2024251,2023-09-09,East,Consumer,Furniture,Furnishings,989.45,7,0.5,690.49,52.84,3
ORD-2024252,2023-09-10,South,Consumer,Technology,Tablets,201.76,2,0.0,64.47,19.62,5
ORD-2024253,2023-09-11,East,Home Office,Furniture,Bookcases,138.73,2,0.0,71.61,11.55,5
ORD-2024254,2023-09-12,South,Consumer,Technology,Tablets,1464.62,6,0.0,2036.36,79.77,3
ORD-2024255,2023-09-13,East,Consumer,Technology,Smartphones,28.98,8,0.0,65.46,6.37,5
ORD-2024256,2023-09-14,West,Consumer,Office Supplies,Paper,299.19,3,0.1,241.93,28.96,4
ORD-2024257,2023-09-15,South,Corporate,Furniture,Bookcases,263.85,6,0.0,245.73,21.96,3
ORD-2024258,2023-09-16,South,Corporate,Furniture,Tables,156.28,5,0.2,78.11,18.83,1
ORD-2024259,2023-09-17,North,Consumer,Furniture,Bookcases,617.57,5,0.0,1051.54,38.25,3
ORD-2024260,2023-09-18,East,Corporate,Office Supplies,Storage,223.99,9,0.0,684.3,19.23,5
ORD-2024261,2023-09-19,North,Corporate,Office Supplies,Storage,118.67,2,0.0,38.33,17.51,4
ORD-2024262,2023-09-20,West,Consumer,Office Supplies,Storage,733.09,2,0.2,133.81,50.96,3
ORD-2024263,2023-09-21,North,Consumer,Technology,Smartphones,270.29,6,0.1,420.19,26.19,3
ORD-2024264,2023-09-22,East,Corporate,Technology,Accessories,639.99,2,0.5,-115.5,46.98,5
ORD-2024265,2023-09-23,South,Corporate,Office Supplies,Binders,140.65,1,0.1,31.72,20.83,3
ORD-2024266,2023-09-24,West,Consumer,Furniture,Bookcases,212.85,5,0.15,130.08,14.33,3
ORD-2024267,2023-09-25,North,Consumer,Technology,Smartphones,694.21,3,0.15,248.35,42.63,4
ORD-2024268,2023-09-26,South,Consumer,Technology,Smartphones,156.93,6,0.0,210.55,13.43,2
ORD-2024269,2023-09-27,North,Consumer,Technology,Accessories,749.11,8,0.1,1691.85,43.94,4
ORD-2024270,2023-09-28,West,Corporate,Technology,Tablets,106.75,1,0.0,21.26,7.54,4
ORD-2024271,2023-09-29,South,Corporate,Office Supplies,Storage,266.19,3,0.0,225.98,23.01,1
ORD-2024272,2023-09-30,South,Corporate,Office Supplies,Appliances,881.55,2,0.0,471.48,55.44,4
ORD-2024273,2023-10-01,South,Consumer,Office Supplies,Appliances,278.54,9,0.3,320.97,23.28,5
ORD-2024274,2023-10-02,South,Consumer,Furniture,Furnishings,158.31,9,0.0,475.44,20.51,3
ORD-2024275,2023-10-03,South,Consumer,Office Supplies,Appliances,4030.63,8,0.3,6890.77,207.6,1
ORD-2024276,2023-10-04,North,Corporate,Technology,Laptops,813.91,6,0.2,854.51,46.51,5
ORD-2024277,2023-10-05,East,Consumer,Office Supplies,Binders,58.48,1,0.2,-1.34,10.93,5
ORD-2024278,2023-10-06,West,Consumer,Technology,Tablets,155.45,8,0.0,256.02,16.43,5
ORD-2024279,2023-10-07,East,Consumer,Technology,Tablets,594.71,5,0.1,372.99,42.56,2
ORD-2024280,2023-10-08,East,Consumer,Office Supplies,Appliances,95.81,7,0.15,94.85,16.57,3
ORD-2024281,2023-10-09,West,Home Office,Technology,Tablets,228.23,7,0.2,383.12,21.07,5
ORD-2024282,2023-10-10,East,Corporate,Furniture,Tables,131.47,9,0.15,227.96,11.86,3
ORD-2024283,2023-10-11,South,Consumer,Technology,Accessories,705.73,9,0.0,1315.2,43.77,1
ORD-2024284,2023-10-12,West,Corporate,Technology,Smartphones,602.72,3,0.5,-22.41,42.58,4
ORD-2024285,2023-10-13,South,Corporate,Technology,Smartphones,753.38,4,0.15,382.49,49.34,5
ORD-2024286,2023-10-14,West,Corporate,Technology,Tablets,136.63,4,0.1,102.15,9.1,4
ORD-2024287,2023-10-15,East,Corporate,Furniture,Bookcases,1972.73,8,0.0,5121.5,112.19,3
ORD-2024288,2023-10-16,North,Consumer,Technology,Smartphones,1573.06,2,0.2,362.42,85.28,4
ORD-2024289,2023-10-17,South,Consumer,Office Supplies,Paper,257.47,6,0.2,363.74,18.34,4
ORD-2024290,2023-10-18,East,Home Office,Technology,Tablets,229.23,9,0.0,396.41,25.95,4
ORD-2024291,2023-10-19,North,Home Office,Furniture,Chairs,954.1,1,0.3,-126.59,50.99,2
ORD-2024292,2023-10-20,West,Consumer,Office Supplies,Appliances,787.77,8,0.15,1611.14,49.51,2
ORD-2024293,2023-10-21,West,Corporate,Office Supplies,Binders,1951.35,8,0.1,3276.8,106.09,3
ORD-2024294,2023-10-22,East,Home Office,Office Supplies,Binders,1020.22,8,0.0,1880.99,55.26,3
ORD-2024295,2023-10-23,West,Home Office,Technology,Accessories,114.22,6,0.0,103.07,19.06,4
ORD-2024296,2023-10-24,East,Consumer,Technology,Smartphones,730.76,5,0.0,909.11,38.62,4
ORD-2024297,2023-10-25,East,Consumer,Office Supplies,Storage,40.45,7,0.0,95.36,4.9,4
ORD-2024298,2023-10-26,North,Consumer,Technology,Accessories,375.4,4,0.0,407.13,29.84,3
ORD-2024299,2023-10-27,North,Home Office,Technology,Accessories,994.86,2,0.15,379.87,61.75,4
ORD-2024300,2023-10-28,East,Consumer,Furniture,Bookcases,4435.72,8,0.2,8063.98,227.7,3
ORD-2024301,2023-10-29,South,Consumer,Technology,Accessories,786.55,4,0.3,506.62,45.92,4
ORD-2024302,2023-10-30,East,Home Office,Technology,Smartphones,157.73,5,0.15,91.58,21.92,4
ORD-2024303,2023-10-31,North,Consumer,Furniture,Tables,892.3,1,0.1,63.17,55.16,2
ORD-2024304,2023-11-01,North,Corporate,Technology,Tablets,417.34,2,0.5,-55.79,29.27,4
ORD-2024305,2023-11-02,East,Consumer,Furniture,Furnishings,575.67,3,0.1,377.84,38.12,2
ORD-2024306,2023-11-03,South,Corporate,Office Supplies,Storage,211.48,2,0.5,-20.05,14.77,4
ORD-2024307,2023-11-04,North,Consumer,Furniture,Furnishings,53.68,8,0.0,64.92,7.08,3
ORD-2024308,2023-11-05,South,Consumer,Furniture,Chairs,155.02,6,0.0,294.06,12.75,5
ORD-2024309,2023-11-06,South,Corporate,Technology,Tablets,213.59,4,0.0,221.52,25.03,5
ORD-2024310,2023-11-07,East,Consumer,Furniture,Bookcases,608.17,2,0.3,19.54,40.69,3
ORD-2024311,2023-11-08,North,Corporate,Furniture,Bookcases,229.21,3,0.1,140.48,16.35,2
ORD-2024312,2023-11-09,East,Corporate,Office Supplies,Appliances,258.53,6,0.0,337.96,22.22,3
ORD-2024313,2023-11-10,East,Consumer,Technology,Accessories,1034.39,6,0.15,1231.62,59.89,1
ORD-2024314,2023-11-11,South,Consumer,Technology,Accessories,705.49,9,0.0,2130.79,41.73,3
ORD-2024315,2023-11-12,East,Corporate,Technology,Laptops,481.96,5,0.15,639.35,34.64,3
ORD-2024316,2023-11-13,South,Home Office,Furniture,Bookcases,401.02,5,0.1,369.39,28.22,4
ORD-2024317,2023-11-14,North,Corporate,Furniture,Tables,487.79,7,0.1,429.99,38.88,3
ORD-2024318,2023-11-15,North,Corporate,Office Supplies,Storage,303.15,5,0.0,432.07,20.43,2
ORD-2024319,2023-11-16,West,Corporate,Office Supplies,Storage,341.27,4,0.0,322.19,29.0,2
ORD-2024320,2023-11-17,South,Consumer,Technology,Tablets,275.41,2,0.0,121.76,22.64,3
ORD-2024321,2023-11-18,South,Home Office,Technology,Laptops,128.69,8,0.15,139.92,9.43,4
ORD-2024322,2023-11-19,South,Home Office,Office Supplies,Storage,48.58,8,0.0,95.63,12.21,5
ORD-2024323,2023-11-20,East,Consumer,Furniture,Bookcases,1203.32,2,0.0,674.15,67.69,3
ORD-2024324,2023-11-21,North,Corporate,Office Supplies,Appliances,215.86,7,0.3,242.55,25.51,1
ORD-2024325,2023-11-22,East,Consumer,Furniture,Tables,3314.33,5,0.15,1778.11,174.32,5
ORD-2024326,2023-11-23,South,Consumer,Furniture,Furnishings,268.79,8,0.3,411.79,27.06,3
ORD-2024327,2023-11-24,West,Consumer,Office Supplies,Storage,110.68,9,0.15,246.06,9.58,4
ORD-2024328,2023-11-25,South,Home Office,Furniture,Chairs,495.93,7,0.3,593.07,28.37,5
ORD-2024329,2023-11-26,West,Consumer,Technology,Accessories,1499.56,9,0.15,2075.88,88.35,3
ORD-2024330,2023-11-27,North,Home Office,Technology,Accessories,871.62,3,0.2,414.63,55.4,1
ORD-2024331,2023-11-28,South,Consumer,Office Supplies,Binders,688.84,4,0.3,247.02,47.85,3
ORD-2024332,2023-11-29,East,Consumer,Technology,Accessories,1249.27,3,0.2,735.12,64.51,4
ORD-2024333,2023-11-30,South,Home Office,Technology,Accessories,42.58,3,0.0,23.04,7.79,4
ORD-2024334,2023-12-01,East,Corporate,Furniture,Furnishings,183.64,1,0.0,48.9,20.74,3
ORD-2024335,2023-12-02,East,Consumer,Furniture,Tables,239.14,6,0.0,500.75,15.71,2
ORD-2024336,2023-12-03,West,Corporate,Office Supplies,Appliances,731.25,2,0.0,367.5,46.73,4
ORD-2024337,2023-12-04,West,Consumer,Office Supplies,Paper,233.9,5,0.15,175.38,25.47,4
ORD-2024338,2023-12-05,South,Consumer,Furniture,Chairs,538.92,8,0.15,1175.41,39.62,5
ORD-2024339,2023-12-06,North,Consumer,Technology,Smartphones,543.67,5,0.1,607.8,39.62,5
ORD-2024340,2023-12-07,West,Consumer,Office Supplies,Binders,68.96,8,0.5,54.84,6.23,3
ORD-2024341,2023-12-08,West,Corporate,Technology,Smartphones,307.33,5,0.2,372.13,18.17,3
ORD-2024342,2023-12-09,South,Consumer,Furniture,Bookcases,222.93,4,0.15,157.51,23.21,3
ORD-2024343,2023-12-10,West,Consumer,Office Supplies,Paper,643.54,3,0.0,512.05,42.3,1
ORD-2024344,2023-12-11,West,Consumer,Office Supplies,Appliances,370.92,1,0.3,-1.09,21.65,5
ORD-2024345,2023-12-12,West,Corporate,Furniture,Bookcases,44.53,2,0.0,28.97,6.43,5
ORD-2024346,2023-12-13,North,Corporate,Office Supplies,Paper,309.17,5,0.0,515.77,18.53,5
ORD-2024347,2023-12-14,South,Consumer,Furniture,Tables,454.45,1,0.1,63.31,26.14,4
ORD-2024348,2023-12-15,North,Corporate,Furniture,Bookcases,69.96,1,0.5,-19.82,8.66,4
ORD-2024349,2023-12-16,North,Home Office,Furniture,Chairs,382.09,7,0.2,569.13,33.05,2
ORD-2024350,2023-12-17,South,Corporate,Technology,Accessories,1402.64,3,0.3,548.59,81.18,4
ORD-2024351,2023-12-18,North,Corporate,Furniture,Tables,378.77,3,0.1,207.25,21.82,5
ORD-2024352,2023-12-19,South,Consumer,Furniture,Furnishings,324.13,1,0.15,48.6,18.58,4
ORD-2024353,2023-12-20,West,Corporate,Furniture,Tables,316.71,4,0.15,179.95,23.49,4
ORD-2024354,2023-12-21,West,Home Office,Technology,Accessories,412.09,5,0.15,388.9,27.82,2
ORD-2024355,2023-12-22,South,Consumer,Office Supplies,Binders,130.49,9,0.15,269.03,12.77,4
ORD-2024356,2023-12-23,South,Consumer,Technology,Tablets,159.11,7,0.1,323.41,14.57,3
ORD-2024357,2023-12-24,West,Consumer,Technology,Accessories,320.39,3,0.3,102.88,30.93,4
ORD-2024358,2023-12-25,South,Corporate,Furniture,Chairs,73.68,6,0.5,38.09,14.86,3
ORD-2024359,2023-12-26,West,Consumer,Furniture,Furnishings,563.26,1,0.0,130.66,39.68,5
ORD-2024360,2023-12-27,East,Consumer,Office Supplies,Appliances,306.57,2,0.1,142.81,29.41,4
ORD-2024361,2023-12-28,West,Corporate,Technology,Tablets,172.46,3,0.1,146.76,11.36,2
ORD-2024362,2023-12-29,South,Corporate,Office Supplies,Storage,176.71,4,0.3,33.91,22.57,2
ORD-2024363,2023-12-30,West,Consumer,Technology,Tablets,28.92,4,0.2,22.69,11.78,4
ORD-2024364,2023-12-31,East,Consumer,Office Supplies,Storage,296.79,3,0.0,243.71,22.85,5
ORD-2024365,2024-01-01,West,Home Office,Office Supplies,Binders,948.36,5,0.15,957.69,58.72,4
ORD-2024366,2024-01-02,North,Consumer,Office Supplies,Appliances,97.02,5,0.2,77.09,13.39,4
ORD-2024367,2024-01-03,East,Consumer,Technology,Smartphones,348.99,2,0.15,57.22,28.47,4
ORD-2024368,2024-01-04,East,Home Office,Office Supplies,Binders,159.53,9,0.1,230.52,11.75,3
ORD-2024369,2024-01-05,West,Corporate,Furniture,Furnishings,751.96,2,0.0,481.71,39.99,5
ORD-2024370,2024-01-06,West,Consumer,Furniture,Furnishings,185.09,4,0.0,208.38,12.35,3
ORD-2024371,2024-01-07,South,Corporate,Technology,Laptops,76.5,1,0.1,4.37,13.55,4
ORD-2024372,2024-01-08,South,Home Office,Office Supplies,Paper,132.15,8,0.0,199.34,21.44,2
ORD-2024373,2024-01-09,East,Home Office,Technology,Accessories,355.54,4,0.0,312.84,25.34,3
ORD-2024374,2024-01-10,East,Consumer,Office Supplies,Binders,140.65,2,0.1,63.53,18.5,4
ORD-2024375,2024-01-11,North,Corporate,Technology,Accessories,3362.84,7,0.2,4049.89,180.88,1
ORD-2024376,2024-01-12,West,Corporate,Furniture,Bookcases,739.29,5,0.1,577.85,51.19,3
ORD-2024377,2024-01-13,East,Consumer,Furniture,Tables,62.11,7,0.15,55.51,7.65,2
ORD-2024378,2024-01-14,South,Corporate,Office Supplies,Appliances,312.07,7,0.15,305.17,19.8,4
ORD-2024379,2024-01-15,North,Consumer,Technology,Smartphones,407.45,4,0.1,257.26,30.71,4
ORD-2024380,2024-01-16,North,Corporate,Office Supplies,Appliances,62.28,5,0.0,106.31,9.81,3
ORD-2024381,2024-01-17,South,Consumer,Technology,Tablets,52.85,6,0.15,74.66,16.65,5
ORD-2024382,2024-01-18,West,Home Office,Office Supplies,Binders,767.26,7,0.15,939.22,50.02,4
ORD-2024383,2024-01-19,South,Consumer,Office Supplies,Binders,390.56,9,0.15,599.63,27.2,4
ORD-2024384,2024-01-20,West,Consumer,Office Supplies,Appliances,580.28,7,0.1,659.76,34.5,4
ORD-2024385,2024-01-21,South,Home Office,Technology,Smartphones,87.29,8,0.0,137.43,10.85,3
ORD-2024386,2024-01-22,South,Corporate,Technology,Tablets,44.26,3,0.2,28.06,15.66,3
ORD-2024387,2024-01-23,South,Consumer,Furniture,Chairs,170.2,1,0.0,25.98,17.36,3
ORD-2024388,2024-01-24,North,Consumer,Technology,Tablets,138.77,3,0.15,90.45,11.14,4
ORD-2024389,2024-01-25,North,Consumer,Office Supplies,Binders,1013.32,8,0.1,2156.57,65.54,4
ORD-2024390,2024-01-26,North,Home Office,Technology,Laptops,315.18,1,0.15,31.34,24.49,3
ORD-2024391,2024-01-27,East,Corporate,Furniture,Bookcases,584.32,6,0.0,666.39,32.3,2
ORD-2024392,2024-01-28,West,Consumer,Furniture,Chairs,210.77,2,0.3,48.74,22.94,3
ORD-2024393,2024-01-29,North,Corporate,Technology,Tablets,21.6,2,0.0,7.12,11.94,2
ORD-2024394,2024-01-30,South,Corporate,Furniture,Bookcases,25.36,2,0.3,6.02,11.14,4
ORD-2024395,2024-01-31,South,Consumer,Office Supplies,Appliances,78.99,2,0.15,26.25,8.24,3
ORD-2024396,2024-02-01,West,Corporate,Office Supplies,Binders,793.71,9,0.3,997.99,42.48,5
ORD-2024397,2024-02-02,South,Corporate,Furniture,Chairs,57.49,6,0.0,104.93,13.23,4
ORD-2024398,2024-02-03,West,Corporate,Furniture,Bookcases,139.11,8,0.3,94.67,14.54,4
ORD-2024399,2024-02-04,South,Consumer,Furniture,Tables,965.86,9,0.15,1869.24,51.73,5
ORD-2024400,2024-02-05,East,Corporate,Technology,Smartphones,860.23,2,0.3,70.24,53.47,4
ORD-2024401,2024-02-06,South,Home Office,Technology,Tablets,322.29,2,0.2,65.42,28.31,4
ORD-2024402,2024-02-07,South,Consumer,Technology,Accessories,210.73,2,0.3,14.84,20.4,5
ORD-2024403,2024-02-08,North,Corporate,Furniture,Chairs,184.35,8,0.0,470.5,21.94,3
ORD-2024404,2024-02-09,South,Consumer,Furniture,Tables,740.02,1,0.0,188.97,44.85,4
ORD-2024405,2024-02-10,West,Corporate,Technology,Tablets,845.12,2,0.0,274.21,52.56,3
ORD-2024406,2024-02-11,South,Corporate,Furniture,Bookcases,151.55,6,0.0,265.63,14.61,3
ORD-2024407,2024-02-12,East,Corporate,Furniture,Chairs,263.87,8,0.1,611.19,24.83,5
ORD-2024408,2024-02-13,East,Corporate,Technology,Accessories,1172.85,2,0.2,252.23,72.27,5
ORD-2024409,2024-02-14,South,Home Office,Furniture,Chairs,532.71,5,0.0,750.56,38.04,5
ORD-2024410,2024-02-15,West,Corporate,Office Supplies,Storage,420.55,9,0.1,1102.86,23.08,4
ORD-2024411,2024-02-16,West,Consumer,Office Supplies,Storage,106.24,4,0.0,109.17,17.48,4
ORD-2024412,2024-02-17,North,Home Office,Technology,Tablets,118.55,2,0.2,21.5,11.43,5
ORD-2024413,2024-02-18,North,Corporate,Technology,Smartphones,334.62,8,0.0,837.45,26.16,4
ORD-2024414,2024-02-19,East,Home Office,Furniture,Tables,466.58,9,0.1,597.38,32.09,3
ORD-2024415,2024-02-20,East,Consumer,Furniture,Bookcases,340.69,8,0.1,568.69,29.72,5
ORD-2024416,2024-02-21,North,Corporate,Technology,Smartphones,271.63,1,0.2,17.33,21.81,5
ORD-2024417,2024-02-22,South,Home Office,Office Supplies,Appliances,392.14,3,0.3,47.3,32.31,4
ORD-2024418,2024-02-23,North,Consumer,Office Supplies,Paper,167.48,7,0.0,202.77,14.12,4
ORD-2024419,2024-02-24,West,Home Office,Technology,Laptops,1166.74,8,0.3,1297.42,69.44,2
ORD-2024420,2024-02-25,South,Consumer,Technology,Smartphones,312.99,3,0.0,176.5,25.3,4
ORD-2024421,2024-02-26,West,Corporate,Technology,Laptops,459.91,1,0.0,115.99,33.95,2
ORD-2024422,2024-02-27,South,Corporate,Furniture,Tables,470.86,2,0.2,91.33,33.91,3
ORD-2024423,2024-02-28,West,Corporate,Office Supplies,Binders,121.2,2,0.0,73.51,10.45,5
ORD-2024424,2024-02-29,North,Consumer,Technology,Smartphones,566.82,9,0.15,650.04,39.23,4
ORD-2024425,2024-03-01,South,Corporate,Technology,Accessories,444.97,4,0.0,505.95,32.34,4
ORD-2024426,2024-03-02,West,Home Office,Furniture,Bookcases,242.57,2,0.0,129.04,21.97,4
ORD-2024427,2024-03-03,West,Consumer,Furniture,Chairs,85.09,9,0.0,226.53,18.61,4
ORD-2024428,2024-03-04,South,Consumer,Office Supplies,Binders,239.31,4,0.0,189.62,24.35,5
ORD-2024429,2024-03-05,West,Consumer,Technology,Tablets,315.65,9,0.15,726.69,22.64,5
ORD-2024430,2024-03-06,North,Consumer,Technology,Accessories,668.13,2,0.1,341.88,43.12,5
ORD-2024431,2024-03-07,North,Home Office,Technology,Accessories,315.22,1,0.0,48.11,22.23,4
ORD-2024432,2024-03-08,West,Home Office,Furniture,Furnishings,707.46,3,0.1,499.76,44.25,5
ORD-2024433,2024-03-09,West,Home Office,Office Supplies,Appliances,212.2,1,0.0,43.46,13.49,4
ORD-2024434,2024-03-10,West,Consumer,Office Supplies,Storage,80.99,5,0.15,67.12,13.82,3
ORD-2024435,2024-03-11,North,Corporate,Office Supplies,Storage,524.67,4,0.1,496.32,28.99,3
ORD-2024436,2024-03-12,South,Consumer,Technology,Laptops,345.92,3,0.0,162.31,27.55,4
ORD-2024437,2024-03-13,North,Consumer,Furniture,Chairs,53.05,6,0.2,66.88,12.93,4
ORD-2024438,2024-03-14,North,Consumer,Office Supplies,Binders,206.84,9,0.0,425.2,20.31,4
ORD-2024439,2024-03-15,South,Consumer,Office Supplies,Storage,186.91,3,0.15,63.56,22.13,4
ORD-2024440,2024-03-16,North,Corporate,Technology,Smartphones,82.42,9,0.0,237.69,10.8,4
ORD-2024441,2024-03-17,South,Consumer,Furniture,Furnishings,303.04,1,0.1,70.87,19.44,2
ORD-2024442,2024-03-18,East,Consumer,Office Supplies,Appliances,84.1,4,0.0,85.37,17.45,4
ORD-2024443,2024-03-19,East,Consumer,Technology,Laptops,217.57,5,0.0,249.75,14.84,4
ORD-2024444,2024-03-20,East,Corporate,Furniture,Bookcases,398.63,2,0.0,162.07,26.94,3
ORD-2024445,2024-03-21,West,Home Office,Technology,Accessories,469.96,7,0.15,738.8,25.69,1
ORD-2024446,2024-03-22,North,Corporate,Technology,Laptops,422.18,1,0.0,75.68,28.6,5
ORD-2024447,2024-03-23,West,Home Office,Office Supplies,Paper,969.96,4,0.1,1140.87,61.73,3
ORD-2024448,2024-03-24,East,Home Office,Technology,Tablets,97.3,7,0.1,156.82,8.58,2
ORD-2024449,2024-03-25,South,Consumer,Office Supplies,Storage,176.69,2,0.1,88.25,21.66,4
ORD-2024450,2024-03-26,South,Home Office,Furniture,Tables,358.63,8,0.0,665.21,24.64,5
ORD-2024451,2024-03-27,East,Corporate,Furniture,Bookcases,1122.02,1,0.3,-27.79,68.07,5
ORD-2024452,2024-03-28,West,Consumer,Office Supplies,Binders,292.43,1,0.0,102.34,17.89,4
ORD-2024453,2024-03-29,East,Consumer,Technology,Laptops,378.04,3,0.2,207.65,22.88,5
ORD-2024454,2024-03-30,South,Home Office,Technology,Accessories,176.53,4,0.0,182.79,13.98,4
ORD-2024455,2024-03-31,East,Consumer,Technology,Accessories,22.88,1,0.0,7.98,11.67,3
ORD-2024456,2024-04-01,West,Consumer,Office Supplies,Paper,39.17,8,0.2,68.93,14.46,5
ORD-2024457,2024-04-02,East,Home Office,Office Supplies,Appliances,1024.4,5,0.0,1136.7,59.46,3
ORD-2024458,2024-04-03,South,Home Office,Office Supplies,Binders,1029.63,1,0.5,-296.85,57.07,2
ORD-2024459,2024-04-04,East,Home Office,Office Supplies,Binders,164.73,4,0.0,220.31,15.26,4
ORD-2024460,2024-04-05,East,Consumer,Office Supplies,Appliances,450.84,5,0.0,787.04,36.57,5
ORD-2024461,2024-04-06,West,Corporate,Technology,Tablets,389.59,3,0.0,271.05,29.84,5
ORD-2024462,2024-04-07,North,Consumer,Furniture,Chairs,328.51,7,0.0,749.15,25.97,4
ORD-2024463,2024-04-08,West,Consumer,Technology,Accessories,435.64,9,0.1,982.51,31.69,3
ORD-2024464,2024-04-09,South,Consumer,Furniture,Chairs,293.04,3,0.0,188.64,26.2,2
ORD-2024465,2024-04-10,West,Consumer,Furniture,Furnishings,49.49,1,0.0,16.47,8.4,4
ORD-2024466,2024-04-11,North,Consumer,Technology,Smartphones,214.7,6,0.1,387.42,19.1,4
ORD-2024467,2024-04-12,East,Corporate,Office Supplies,Paper,1164.62,4,0.3,666.06,63.54,1
ORD-2024468,2024-04-13,North,Consumer,Furniture,Furnishings,52.12,6,0.3,47.33,10.31,4
ORD-2024469,2024-04-14,North,Corporate,Technology,Accessories,21.61,9,0.0,65.0,5.86,3
ORD-2024470,2024-04-15,East,Home Office,Office Supplies,Storage,232.22,1,0.15,14.13,17.17,3
ORD-2024471,2024-04-16,North,Home Office,Technology,Tablets,263.48,8,0.0,631.37,20.97,4
ORD-2024472,2024-04-17,East,Consumer,Technology,Accessories,246.79,7,0.2,346.71,16.61,5
ORD-2024473,2024-04-18,North,Home Office,Office Supplies,Paper,496.03,2,0.0,170.64,31.81,4
ORD-2024474,2024-04-19,West,Consumer,Furniture,Bookcases,333.05,6,0.1,295.84,24.59,3
ORD-2024475,2024-04-20,North,Consumer,Furniture,Chairs,1815.7,4,0.0,1149.79,104.95,4
ORD-2024476,2024-04-21,West,Home Office,Technology,Tablets,402.27,9,0.0,1255.06,23.78,4
ORD-2024477,2024-04-22,East,Home Office,Furniture,Furnishings,286.67,7,0.0,676.23,26.11,4
ORD-2024478,2024-04-23,South,Consumer,Technology,Accessories,309.32,1,0.0,57.53,17.77,5
ORD-2024479,2024-04-24,West,Corporate,Technology,Accessories,251.84,3,0.1,115.99,19.48,4
ORD-2024480,2024-04-25,East,Consumer,Technology,Laptops,140.29,1,0.5,-33.05,10.83,3
ORD-2024481,2024-04-26,East,Corporate,Technology,Tablets,270.28,5,0.0,357.61,17.6,5
ORD-2024482,2024-04-27,East,Home Office,Technology,Accessories,319.14,2,0.0,128.77,23.1,4
ORD-2024483,2024-04-28,East,Consumer,Office Supplies,Paper,44.36,8,0.15,76.86,5.62,4
ORD-2024484,2024-04-29,East,Consumer,Office Supplies,Paper,251.37,8,0.0,316.62,19.68,5
ORD-2024485,2024-04-30,West,Corporate,Office Supplies,Appliances,137.68,1,0.0,34.81,9.99,1
ORD-2024486,2024-05-01,South,Consumer,Technology,Accessories,576.7,1,0.0,103.01,37.55,4
ORD-2024487,2024-05-02,West,Consumer,Technology,Laptops,1034.64,9,0.5,395.19,64.26,5
ORD-2024488,2024-05-03,North,Consumer,Technology,Laptops,754.88,6,0.0,1381.75,45.49,4
ORD-2024489,2024-05-04,East,Corporate,Technology,Accessories,1545.31,9,0.1,3009.88,85.03,5
ORD-2024490,2024-05-05,West,Home Office,Office Supplies,Binders,77.0,2,0.15,13.08,15.97,4
ORD-2024491,2024-05-06,South,Consumer,Technology,Laptops,132.12,8,0.15,177.67,16.11,4
ORD-2024492,2024-05-07,East,Corporate,Technology,Laptops,88.38,4,0.2,42.03,9.99,4
ORD-2024493,2024-05-08,North,Consumer,Furniture,Furnishings,131.56,5,0.0,190.53,12.83,5
ORD-2024494,2024-05-09,North,Home Office,Office Supplies,Binders,808.01,6,0.2,1128.2,48.34,1
ORD-2024495,2024-05-10,East,Corporate,Technology,Laptops,553.02,6,0.3,409.06,37.83,3
ORD-2024496,2024-05-11,West,Corporate,Office Supplies,Paper,92.79,9,0.1,252.83,15.04,5
ORD-2024497,2024-05-12,North,Consumer,Technology,Accessories,1657.06,3,0.1,1426.41,90.97,3
ORD-2024498,2024-05-13,North,Consumer,Furniture,Chairs,456.54,8,0.0,880.02,37.75,4
ORD-2024499,2024-05-14,East,Home Office,Technology,Laptops,38.2,8,0.1,81.15,12.25,4
